feature,importance_mean,importance_std
item,71188.8568084685,821.364323756179
area,15450.01664053606,327.2739593281898
avg_temp,13184.80517228806,195.97764194068066
pesticides_tonnes,8319.583735362827,259.73831620406327
avg_rain_mm,6305.23728875452,125.28751597502091
year,0.0,0.0
